{
    "loss": 0.10676831007003784,
    "accuracy": 0.9878787994384766
}