{
    "loss": 0.16660922765731812,
    "accuracy": 0.9818181991577148
}