{
    "loss": 1.1367753744125366,
    "accuracy": 0.7272727489471436
}