{
    "loss": 3.5653908252716064,
    "accuracy": 0.8121212124824524
}